{
    "players": [
        {
            "username": "player1",
            "level": 5,
            "cards_unlocked": []
        },
        {
            "username": "kk",
            "level": 1,
            "cards_unlocked": []
        },
        {
            "username": "jk",
            "level": 1,
            "cards_unlocked": []
        },
        {
            "username": "eu",
            "level": 9,
            "cards_unlocked": [
                "Mercurio",
                "Venus",
                "Saturno",
                "Urano",
                "Netuno",
                "Saturno",
                "Urano",
                "Netuno"
            ]
        },
        {
            "username": "Gayzao",
            "level": 3,
            "cards_unlocked": [
                "Mercurio",
                "Venus"
            ]
        },
        {
            "username": "lk",
            "level": 1,
            "cards_unlocked": []
        },
        {
            "username": "mm",
            "level": 1,
            "cards_unlocked": []
        }
    ]
}